"imdb_id","title"
"tt0029583","Snow White and the Seven Dwarfs"
"tt0038969","The Song of the South"
"tt0046672","20,000 LEAGUES UNDER THE SEA"
"tt0053285","Sleeping Beauty"
"tt0058331","Mary Poppins"
"tt0061852","The Jungle Book"
"tt0086336","Something Wicked This Way Comes"
"tt0097757","Little Mermaid, The"
"tt0100477","Rescuers Down Under, The"
"tt0101414","Beauty and the Beast"
"tt0103639","Aladdin"
"tt0110357","The Lion King"
"tt0113198","A Goofy Movie"
"tt0114148","pocahontas"
"tt0114709","toy story"
"tt0116583","The Hunchback of Notre Dame"
"tt0119282","Hercules"
"tt0120363","Toy Story 2"
"tt0120623","A Bug's Life"
"tt0120751","Mighty Joe Young"
"tt0120762","Mulan"
"tt0120783","The Parent Trap"
"tt0120855","Tarzan"
"tt0120910","Fantasia 2000"
"tt0166896","The Straight Story"
"tt0198781","Monsters, Inc. (2001) [2001-11] [Final] [Scan]"
"tt0266543","Finding Nemo"
"tt0311289","Holes"
"tt0317705","Incredibles, The"
"tt0382932","Rataouille"
"tt0398286","Tangled"
"tt0435761","Toy Story 3"
"tt0461770","Enchanted"
"tt0910970","Wall-E"
"tt1014759","Alice In Wonderland"
"tt1049413","Up"
"tt1104001","TRON: Legacy"
"tt1216475","Cars 2"
"tt1217209",NULL
"tt1453405","Monster's University"
"tt1587310","maleficent"
"tt1772341","Wreck It Ralph"
"tt1964418","Tomorrowland (2001.06.28) [Scan]"
"tt2096673","Inside Out"
"tt2180411","Into the Woods"
"tt2281587","Muppets Most Wanted"
"tt2294629","Frozen"
"tt2488496","Star Wars: The Force Awakens"
"tt2980706","Planes: Fire & Rescue 2014 full script"
